{
  "name": "decision",
  "flags": {
    "0": {
      "outline": [
        [
          -0.0426,
          0.15
        ],
        [
          0.1067,
          0.2078
        ],
        [
          0.1067,
          0.0922
        ]
      ],
      "edge": [
        [
          0.145,
          0.2673
        ],
        [
          0.116,
          0.0411
        ]
      ]
    },
    "1": {
      "outline": [
        [
          0.1067,
          0.2078
        ],
        [
          0.2559,
          0.2656
        ],
        [
          0.2559,
          0.0342
        ],
        [
          0.1067,
          0.0922
        ]
      ],
      "edge": [
        [
          0.116,
          0.0411
        ],
        [
          0.145,
          0.2673
        ]
      ]
    },
    "2": {
      "outline": [
        [
          0.8933,
          0.2078
        ],
        [
          0.7441,
          0.2656
        ],
        [
          0.7441,
          0.0342
        ],
        [
          0.8933,
          0.0922
        ]
      ],
      "edge": [
        [
          0.7098,
          -0.0075
        ],
        [
          0.7488,
          0.2969
        ]
      ]
    },
    "3": {
      "outline": [
        [
          1.0426,
          0.15
        ],
        [
          0.8933,
          0.2078
        ],
        [
          0.8933,
          0.0922
        ]
      ],
      "edge": [
        [
          0.855,
          0.033
        ],
        [
          0.884,
          0.2592
        ]
      ]
    }
  },
  "outline": [
    [
      -0.0425,
      0.15
    ],
    [
      0.5,
      0.36
    ],
    [
      1.0425,
      0.15
    ],
    [
      0.5,
      -0.06
    ]
  ],
  "inputs": [
    [
      0.1483,
      0.3526,
      110.79172833069202
    ],
    [
      0.5,
      0.4875,
      90
    ],
    [
      0.8562,
      0.3527,
      67.59682972691533
    ]
  ],
  "outputs": [
    [
      0.1483,
      -0.0526,
      -110.79174930870323
    ],
    [
      0.2238,
      -0.0843,
      -105.92929074231967
    ],
    [
      0.3011,
      -0.1111,
      -101.09960071804782
    ],
    [
      0.3802,
      -0.1321,
      -96.30844687430248
    ],
    [
      0.461,
      -0.1446,
      -91.54598481421365
    ],
    [
      0.5427,
      -0.1437,
      -86.79023045238017
    ],
    [
      0.6232,
      -0.1295,
      -82.02720951934084
    ],
    [
      0.7023,
      -0.1083,
      -77.23739937767888
    ],
    [
      0.7799,
      -0.0823,
      -72.42133908646882
    ],
    [
      0.8562,
      -0.0527,
      -67.59680745506198
    ]
  ],
  "icon": [
    [
      0.38,
      0.03
    ],
    [
      0.62,
      0.27
    ]
  ]
}
